<?xml version="1.0" encoding="utf-8" ?>

<Defs>
  <ThingDef Name="DarkShellBase" ParentName="ResourceBase" Abstract="True">
    <soundInteract>Metal_Drop</soundInteract>
    <soundDrop>Standard_Drop</soundDrop>
    <tickerType>Normal</tickerType>
    <stackLimit>25</stackLimit>
    <techLevel>Industrial</techLevel>
    <statBases>
      <MaxHitPoints>60</MaxHitPoints>
      <MarketValue>55</MarketValue>
      <Mass>1.25</Mass>
      <Flammability>1.0</Flammability>
      <DeteriorationRate>1.5</DeteriorationRate>
    </statBases>
  </ThingDef>

  <ThingDef ParentName="DarkShellBase">
    <defName>darkenergy</defName>
    <label>Contained Dark Energy</label>
    <description>A container holding the pure essence of dark energy, a mixture of science and magic. Used to make dark matter.</description>
    <graphicData>
      <texPath>Items/DarkEnergymkii</texPath>
      <graphicClass>Graphic_Single</graphicClass>
    </graphicData>
    <soundInteract>Metal_Drop</soundInteract>
    <soundDrop>Standard_Drop</soundDrop>
    <stackLimit>1</stackLimit>
    <statBases>
      <MaxHitPoints>50</MaxHitPoints>
      <MarketValue>2000</MarketValue>
      <Mass>2</Mass>
      <Flammability>1</Flammability>
      <DeteriorationRate>2.0</DeteriorationRate>
    </statBases>
    <comps>
      <li Class="CompProperties_Explosive">
        <explosiveRadius>5</explosiveRadius>
        <explosiveDamageType>Bomb</explosiveDamageType>
        <explosiveExpandPerStackcount>0.4</explosiveExpandPerStackcount>
        <startWickHitPointsPercent>0.8</startWickHitPointsPercent>
        <wickTicks>
          <min>30</min>
          <max>60</max>
        </wickTicks>
      </li>
    </comps>
    <intricate>true</intricate>
    <thingCategories>
      <li>Manufactured</li>
    </thingCategories>
    <tradeTags>
      <li>ExoticMisc</li>
    </tradeTags>
  </ThingDef>
  
  <ThingDef ParentName="DarkShellBase">
    <defName>darkmatter</defName>
    <label>Contained Dark Matter</label>
    <description>A container holding pure dark matter, the material of the most destructive qualities.</description>
    <graphicData>
      <texPath>Items/DarkMatter</texPath>
      <graphicClass>Graphic_Single</graphicClass>
    </graphicData>
    <soundInteract>Metal_Drop</soundInteract>
    <soundDrop>Standard_Drop</soundDrop>
    <stackLimit>1</stackLimit>
    <statBases>
      <MaxHitPoints>50</MaxHitPoints>
      <MarketValue>2000</MarketValue>
      <Mass>50</Mass>
      <Flammability>1</Flammability>
      <DeteriorationRate>2.0</DeteriorationRate>
    </statBases>
	<comps>
      <li Class="CompProperties_Explosive">
        <explosiveRadius>5</explosiveRadius>
        <explosiveDamageType>Bomb</explosiveDamageType>
        <explosiveExpandPerStackcount>0.4</explosiveExpandPerStackcount>
        <startWickHitPointsPercent>0.8</startWickHitPointsPercent>
        <wickTicks>
          <min>30</min>
          <max>60</max>
        </wickTicks>
      </li>
    </comps>
    <intricate>true</intricate>
    <thingCategories>
      <li>Manufactured</li>
    </thingCategories>
    <tradeTags>
      <li>ExoticMisc</li>
    </tradeTags>
  </ThingDef>
  <!-- Dark Steel -->
    <ThingDef ParentName="DarkShellBase">
    <defName>DarkSteel</defName>
    <label>Dark Steel</label>
    <description>A metalic material of unequal quality, made from plasteel and dark matter.</description>
    <graphicData>
	  <texPath>Items/DarkSteel</texPath>
      <graphicClass>Graphic_Single</graphicClass>
    </graphicData>
    <soundInteract>Metal_Drop</soundInteract>
    <soundDrop>Standard_Drop</soundDrop>
    <stackLimit>100</stackLimit>
    <statBases>
      <MaxHitPoints>50000</MaxHitPoints>
      <MarketValue>600</MarketValue>
      <Mass>2</Mass>
      <Flammability>0</Flammability>
      <DeteriorationRate>0</DeteriorationRate>
      <StuffPower_Armor_Sharp>2.5</StuffPower_Armor_Sharp>
      <StuffPower_Armor_Blunt>1.5</StuffPower_Armor_Blunt>
      <StuffPower_Armor_Heat>1.5</StuffPower_Armor_Heat>
      <StuffPower_Insulation_Cold>50</StuffPower_Insulation_Cold>
      <StuffPower_Insulation_Heat>50</StuffPower_Insulation_Heat>
      <SharpDamageMultiplier>2.5</SharpDamageMultiplier>
      <BluntDamageMultiplier>2.5</BluntDamageMultiplier> 
    </statBases>
    <intricate>true</intricate>
    <thingCategories>
      <li>Manufactured</li>
      <li>ResourcesRaw</li>
    </thingCategories>
    <tradeTags>
      <li>ExoticMisc</li>
    </tradeTags>
	<stuffProps>
      <categories>
        <li>Metallic</li>
      </categories>
      <commonality>0.01</commonality>
      <constructEffect>ConstructMetal</constructEffect>
      <color>(95,17,145)</color>
      <soundImpactStuff>BulletImpact_Metal</soundImpactStuff>
      <soundMeleeHitSharp>MeleeHit_Metal_Sharp</soundMeleeHitSharp>
      <soundMeleeHitBlunt>MeleeHit_Metal_Blunt</soundMeleeHitBlunt>
      <statFactors>
        <MaxHitPoints>50</MaxHitPoints>
        <Beauty>10</Beauty>
        <Flammability>0</Flammability>
        <WorkToMake>100</WorkToMake>
        <WorkToBuild>100</WorkToBuild>
		<DoorOpenSpeed>4</DoorOpenSpeed>
        <MeleeWeapon_CooldownMultiplier>0.2</MeleeWeapon_CooldownMultiplier>
      </statFactors>
    </stuffProps>
    <terrainAffordanceNeeded>Heavy</terrainAffordanceNeeded>
	</ThingDef>
  
    <ThingDef ParentName="DarkShellBase">
    <defName>DarkSteel_Darkened</defName>
    <label>Darkened Dark Steel</label>
    <description>A metalic material of unequal quality, made from plasteel and dark matter.</description>
    <graphicData>
	  <texPath>Items/DarkSteel_Darkened</texPath>
      <graphicClass>Graphic_Single</graphicClass>
    </graphicData>
    <soundInteract>Metal_Drop</soundInteract>
    <soundDrop>Standard_Drop</soundDrop>
    <stackLimit>100</stackLimit>
    <statBases>
      <MarketValue>50</MarketValue>
      <MaxHitPoints>5000</MaxHitPoints>
      <Mass>0.10</Mass>
      <Flammability>0</Flammability>
      <DeteriorationRate>0</DeteriorationRate>
      <StuffPower_Armor_Sharp>2.5</StuffPower_Armor_Sharp>
      <StuffPower_Armor_Blunt>1.5</StuffPower_Armor_Blunt>
      <StuffPower_Armor_Heat>1.5</StuffPower_Armor_Heat>
      <StuffPower_Insulation_Cold>50</StuffPower_Insulation_Cold>
      <StuffPower_Insulation_Heat>50</StuffPower_Insulation_Heat>
      <SharpDamageMultiplier>2.5</SharpDamageMultiplier>
      <BluntDamageMultiplier>2.5</BluntDamageMultiplier> 
    </statBases>
    <intricate>true</intricate>
    <thingCategories>
      <li>Manufactured</li>
      <li>ResourcesRaw</li>
    </thingCategories>
    <tradeTags>
      <li>ExoticMisc</li>
    </tradeTags>
	<stuffProps>
      <categories>
        <li>Metallic</li>
        <li>Stony</li>
      </categories>
      <commonality>0</commonality>
      <constructEffect>ConstructMetal</constructEffect>
      <color>(22,0,22)</color>
      <soundImpactStuff>BulletImpact_Metal</soundImpactStuff>
      <soundMeleeHitSharp>MeleeHit_Metal_Sharp</soundMeleeHitSharp>
      <soundMeleeHitBlunt>MeleeHit_Metal_Blunt</soundMeleeHitBlunt>
      <statFactors>
        <MaxHitPoints>50</MaxHitPoints>
        <Beauty>10</Beauty>
        <Flammability>0</Flammability>
        <WorkToMake>100</WorkToMake>
        <WorkToBuild>100</WorkToBuild>
		<DoorOpenSpeed>4</DoorOpenSpeed>
        <MeleeWeapon_CooldownMultiplier>0.2</MeleeWeapon_CooldownMultiplier>
      </statFactors>
    </stuffProps>
    <terrainAffordanceNeeded>Heavy</terrainAffordanceNeeded>
	</ThingDef>
	
  <ThingDef ParentName="DarkShellBase">
    <defName>DarkSteel_White</defName>
    <label>White Dark Steel</label>
    <description>A white version of the metalic material of unequal quality, made from plasteel and dark matter.</description>
    <graphicData>
	  <texPath>Items/DarkSteel_White</texPath>
      <graphicClass>Graphic_Single</graphicClass>
    </graphicData>
    <soundInteract>Metal_Drop</soundInteract>
    <soundDrop>Standard_Drop</soundDrop>
    <stackLimit>100</stackLimit>
    <statBases>
      <MarketValue>50</MarketValue>
      <MaxHitPoints>5000</MaxHitPoints>
      <Mass>0.10</Mass>
      <Flammability>0</Flammability>
      <DeteriorationRate>0</DeteriorationRate>
      <StuffPower_Armor_Sharp>2.5</StuffPower_Armor_Sharp>
      <StuffPower_Armor_Blunt>1.5</StuffPower_Armor_Blunt>
      <StuffPower_Armor_Heat>1.5</StuffPower_Armor_Heat>
      <StuffPower_Insulation_Cold>50</StuffPower_Insulation_Cold>
      <StuffPower_Insulation_Heat>50</StuffPower_Insulation_Heat>
      <SharpDamageMultiplier>2.5</SharpDamageMultiplier>
      <BluntDamageMultiplier>2.5</BluntDamageMultiplier> 
    </statBases>
    <intricate>true</intricate>
    <thingCategories>
      <li>Manufactured</li>
      <li>ResourcesRaw</li>
    </thingCategories>
    <tradeTags>
      <li>ExoticMisc</li>
    </tradeTags>
	<stuffProps>
      <categories>
        <li>Metallic</li>
        <li>Stony</li>
      </categories>
      <commonality>0</commonality>
      <constructEffect>ConstructMetal</constructEffect>
      <color>(200,200,200)</color>
      <soundImpactStuff>BulletImpact_Metal</soundImpactStuff>
      <soundMeleeHitSharp>MeleeHit_Metal_Sharp</soundMeleeHitSharp>
      <soundMeleeHitBlunt>MeleeHit_Metal_Blunt</soundMeleeHitBlunt>
      <statFactors>
        <MaxHitPoints>50</MaxHitPoints>
        <Beauty>10</Beauty>
        <Flammability>0</Flammability>
        <WorkToMake>100</WorkToMake>
        <WorkToBuild>100</WorkToBuild>
		<DoorOpenSpeed>4</DoorOpenSpeed>
        <MeleeWeapon_CooldownMultiplier>0.2</MeleeWeapon_CooldownMultiplier>
      </statFactors>
    </stuffProps>
    <terrainAffordanceNeeded>Heavy</terrainAffordanceNeeded>
	</ThingDef>
	
  <ThingDef ParentName="DarkShellBase">
    <defName>DarkSteel_Black</defName>
    <label>Black Dark Steel</label>
    <description>A blackish version of the metalic material of unequal quality, made from plasteel and dark matter.</description>
    <graphicData>
	  <texPath>Items/DarkSteel_Black</texPath>
      <graphicClass>Graphic_Single</graphicClass>
    </graphicData>
    <soundInteract>Metal_Drop</soundInteract>
    <soundDrop>Standard_Drop</soundDrop>
    <stackLimit>100</stackLimit>
    <statBases>
      <MarketValue>50</MarketValue>
      <MaxHitPoints>5000</MaxHitPoints>
      <Mass>0.10</Mass>
      <Flammability>0</Flammability>
      <DeteriorationRate>0</DeteriorationRate>
      <StuffPower_Armor_Sharp>2.5</StuffPower_Armor_Sharp>
      <StuffPower_Armor_Blunt>1.5</StuffPower_Armor_Blunt>
      <StuffPower_Armor_Heat>1.5</StuffPower_Armor_Heat>
      <StuffPower_Insulation_Cold>50</StuffPower_Insulation_Cold>
      <StuffPower_Insulation_Heat>50</StuffPower_Insulation_Heat>
      <SharpDamageMultiplier>2.5</SharpDamageMultiplier>
      <BluntDamageMultiplier>2.5</BluntDamageMultiplier> 
    </statBases>
    <intricate>true</intricate>
    <thingCategories>
      <li>Manufactured</li>
      <li>ResourcesRaw</li>
    </thingCategories>
    <tradeTags>
      <li>ExoticMisc</li>
    </tradeTags>
	<stuffProps>
      <categories>
        <li>Metallic</li>
        <li>Stony</li>
      </categories>
      <commonality>0</commonality>
      <constructEffect>ConstructMetal</constructEffect>
      <color>(50,50,50)</color>
      <soundImpactStuff>BulletImpact_Metal</soundImpactStuff>
      <soundMeleeHitSharp>MeleeHit_Metal_Sharp</soundMeleeHitSharp>
      <soundMeleeHitBlunt>MeleeHit_Metal_Blunt</soundMeleeHitBlunt>
      <statFactors>
        <MaxHitPoints>50</MaxHitPoints>
        <Beauty>10</Beauty>
        <Flammability>0</Flammability>
        <WorkToMake>100</WorkToMake>
        <WorkToBuild>100</WorkToBuild>
		<DoorOpenSpeed>4</DoorOpenSpeed>
        <MeleeWeapon_CooldownMultiplier>0.2</MeleeWeapon_CooldownMultiplier>
      </statFactors>
    </stuffProps>
    <terrainAffordanceNeeded>Heavy</terrainAffordanceNeeded>
	</ThingDef>
	
  <ThingDef ParentName="DarkShellBase">
    <defName>DarkSteel_Gold</defName>
    <label>Golden Dark Steel</label>
    <description>A golden version of the metalic material of unequal quality, made from plasteel and dark matter.</description>
    <graphicData>
	  <texPath>Items/DarkSteel_Gold</texPath>
      <graphicClass>Graphic_Single</graphicClass>
    </graphicData>
    <soundInteract>Metal_Drop</soundInteract>
    <soundDrop>Standard_Drop</soundDrop>
    <stackLimit>100</stackLimit>
    <statBases>
      <MarketValue>60</MarketValue>
      <MaxHitPoints>5000</MaxHitPoints>
      <Mass>0.10</Mass>
      <Flammability>0</Flammability>
      <DeteriorationRate>0</DeteriorationRate>
      <StuffPower_Armor_Sharp>2.5</StuffPower_Armor_Sharp>
      <StuffPower_Armor_Blunt>1.5</StuffPower_Armor_Blunt>
      <StuffPower_Armor_Heat>2.5</StuffPower_Armor_Heat>
      <StuffPower_Insulation_Cold>50</StuffPower_Insulation_Cold>
      <StuffPower_Insulation_Heat>50</StuffPower_Insulation_Heat>
      <SharpDamageMultiplier>2.5</SharpDamageMultiplier>
      <BluntDamageMultiplier>2.5</BluntDamageMultiplier> 
    </statBases>
    <intricate>true</intricate>
    <thingCategories>
      <li>Manufactured</li>
      <li>ResourcesRaw</li>
    </thingCategories>
    <tradeTags>
      <li>ExoticMisc</li>
    </tradeTags>
	<stuffProps>
      <categories>
        <li>Metallic</li>
        <li>Stony</li>
      </categories>
      <commonality>0</commonality>
      <constructEffect>ConstructMetal</constructEffect>
      <color>(255,235,122)</color>
      <soundImpactStuff>BulletImpact_Metal</soundImpactStuff>
      <soundMeleeHitSharp>MeleeHit_Metal_Sharp</soundMeleeHitSharp>
      <soundMeleeHitBlunt>MeleeHit_Metal_Blunt</soundMeleeHitBlunt>
      <statFactors>
        <MaxHitPoints>50</MaxHitPoints>
        <Beauty>10</Beauty>
        <Flammability>0</Flammability>
        <WorkToMake>100</WorkToMake>
        <WorkToBuild>100</WorkToBuild>
		<DoorOpenSpeed>4</DoorOpenSpeed>
        <MeleeWeapon_CooldownMultiplier>0.2</MeleeWeapon_CooldownMultiplier>
      </statFactors>
    </stuffProps>
    <terrainAffordanceNeeded>Heavy</terrainAffordanceNeeded>
	</ThingDef>
	
  <ThingDef ParentName="DarkShellBase">
    <defName>DarkSteel_Marble</defName>
    <label>Marbled Dark Steel</label>
    <description>A marble looking version of the metalic material of unequal quality, made from plasteel and dark matter.</description>
    <graphicData>
	  <texPath>Items/DarkSteel_Marble</texPath>
      <graphicClass>Graphic_Single</graphicClass>
    </graphicData>
    <soundInteract>Metal_Drop</soundInteract>
    <soundDrop>Standard_Drop</soundDrop>
    <stackLimit>100</stackLimit>
    <statBases>
      <MarketValue>55</MarketValue>
      <MaxHitPoints>5000</MaxHitPoints>
      <Mass>0.10</Mass>
      <Flammability>0</Flammability>
      <DeteriorationRate>0</DeteriorationRate>
      <StuffPower_Armor_Sharp>2.5</StuffPower_Armor_Sharp>
      <StuffPower_Armor_Blunt>2.5</StuffPower_Armor_Blunt>
      <StuffPower_Armor_Heat>1.5</StuffPower_Armor_Heat>
      <StuffPower_Insulation_Cold>50</StuffPower_Insulation_Cold>
      <StuffPower_Insulation_Heat>50</StuffPower_Insulation_Heat>
      <SharpDamageMultiplier>2.5</SharpDamageMultiplier>
      <BluntDamageMultiplier>2.5</BluntDamageMultiplier> 
    </statBases>
    <intricate>true</intricate>
    <thingCategories>
      <li>Manufactured</li>
      <li>ResourcesRaw</li>
    </thingCategories>
    <tradeTags>
      <li>ExoticMisc</li>
    </tradeTags>
	<stuffProps>
      <categories>
        <li>Metallic</li>
        <li>Stony</li>
      </categories>
      <commonality>0</commonality>
      <constructEffect>ConstructMetal</constructEffect>
      <color>(132,135,132)</color>
      <soundImpactStuff>BulletImpact_Metal</soundImpactStuff>
      <soundMeleeHitSharp>MeleeHit_Metal_Sharp</soundMeleeHitSharp>
      <soundMeleeHitBlunt>MeleeHit_Metal_Blunt</soundMeleeHitBlunt>
      <statFactors>
        <MaxHitPoints>50</MaxHitPoints>
        <Beauty>10</Beauty>
        <Flammability>0</Flammability>
        <WorkToMake>100</WorkToMake>
        <WorkToBuild>100</WorkToBuild>
		<DoorOpenSpeed>4</DoorOpenSpeed>
        <MeleeWeapon_CooldownMultiplier>0.2</MeleeWeapon_CooldownMultiplier>
      </statFactors>
    </stuffProps>
    <terrainAffordanceNeeded>Heavy</terrainAffordanceNeeded>
	</ThingDef>
  </Defs>