<?xml version="1.0" encoding="utf-8" ?>
<Defs>

  <ThingDef ParentName="ApparelBase">
    <defName>Apparel_DarkShieldBelt</defName>
		<label>Dark Matter Shield</label>
    <description>A projectile-repulsion device put to a new extreme. You see people missed the good old days of stabbing each other. Thus they made a belt that could survive the modern day horrors of bullets. Follows sames limitation of a shield belt.</description>
		<thingClass>ShieldBelt</thingClass>
	<graphicData>
      <texPath>Armor/Belt/ShieldBelt</texPath>
      <graphicClass>Graphic_Single</graphicClass>
    </graphicData>
    <tickerType>Normal</tickerType>
    <statBases>
      <Mass>4</Mass>
      <WorkToMake>150000</WorkToMake>
      <Flammability>0.4</Flammability>
      <EnergyShieldRechargeRate>1.2</EnergyShieldRechargeRate>
      <EnergyShieldEnergyMax>5.5</EnergyShieldEnergyMax>
      <EquipDelay>2</EquipDelay>
    </statBases>
	<costList>
      <DarkSteel>20</DarkSteel>
	  <darkmatter>2</darkmatter>
	  <darkenergy>1</darkenergy>
    </costList>
    <recipeMaker>
	  <researchPrerequisite>DarkMatterArmorResearch</researchPrerequisite>
	  <unfinishedThingDef>UnfinishedTechArmor</unfinishedThingDef>
      <recipeUsers Inherit="False">
        <li>GodTable</li>
      </recipeUsers>
	  <skillRequirements>
        <Crafting>12</Crafting>
      </skillRequirements>
	</recipeMaker>
    <thingCategories>
      <li>Apparel</li>
    </thingCategories>
    <apparel>
      <careIfWornByCorpse>false</careIfWornByCorpse>
      <bodyPartGroups>
        <li>Waist</li>
      </bodyPartGroups>
      <layers>
        <li>Belt</li>
      </layers>
      <tags>
        <li>BeltDefense</li>
      </tags>
    </apparel>
    <colorGenerator Class="ColorGenerator_Options">
      <options>
        <li>
          <weight>10</weight>
          <only>(0.33,0.33,0.33,1)</only>
        </li>
        <li>
          <weight>10</weight>
          <only>(0.65,0.65,0.65,1)</only>
        </li>
        <li>
          <weight>6</weight>
          <min>(0.3,0.3,0.3,1)</min>
          <max>(0.5,0.5,0.5,1)</max>
        </li>
        <li>
          <weight>10</weight>
          <only>(0.9,0.9,0.9,1)</only>
        </li>
      </options>
    </colorGenerator>
  </ThingDef>
  
</Defs>
